GEO,ALDER,TELLER,RATE,i.GEO,case,i.RATE,crude
30,15_19,37051,6.06079938232225,30,177,4.76851165860689,4.77719899597852
30,20_24,32828,5.37000140678726,30,499,15.1338236409129,15.200438649933
30,25_29,34457,5.6364730861968,30,669,19.4566297472189,19.4155033810256
30,30_34,37431,6.12295974952644,30,612,16.1392405063291,16.3500841548449
30,35_39,40201,6.57607611046224,30,453,11.1980421965961,11.2683764085471
30,40_44,42423,6.93955067869306,30,190,4.50899425696521,4.47870259057587
