GEO,ALDER,TELLER,RATE,i.GEO,case,i.RATE,crude
50,15_19,13520,5.89744037129447,50,75,5.56091050641358,5.54733727810651
50,20_24,16125,7.0337445256748,50,205,12.7990343492784,12.7131782945736
50,25_29,16537,7.21345942456336,50,248,14.9651517132484,14.9966741246901
50,30_34,15039,6.56003001064331,50,239,15.7161018806716,15.892014096682
50,35_39,13964,6.09111370893166,50,146,10.3241013553329,10.4554568891435
50,40_44,13851,6.04182297210057,50,47,3.41930086210032,3.39325680456285
