GEO,ALDER,TELLER,RATE,i.GEO,case,i.RATE,crude
0,15_19,155334,5.87687594182523,0,745,4.80273336771532,4.79611675486371
0,20_24,164895,6.23860493148487,0,2445,14.843520757657,14.8276175748203
0,25_29,181578,6.8697862654972,0,3131,17.2629106557535,17.2432783707277
0,30_34,178708,6.76120325113435,0,2714,15.0022663703802,15.1867851467198
0,35_39,170931,6.46696976587308,0,1903,11.0693487232634,11.1331472933523
0,40_44,170461,6.44918787850355,0,704,4.15009918383348,4.12997694487302
